country,year,primary_energy_consumption,fossil_fuel_consumption,nuclear_consumption,renewables_consumption,hydro_consumption,wind_consumption,solar_consumption,biofuel_consumption,other_renewable_consumption,nuclear_electricity,hydro_electricity,wind_electricity,solar_electricity,other_renewable_electricity
World,1965,43360.309,40492.973,70.944,2629.673,2564.439,0.000,0.000,9.030,56.204,25.540,923.198,0.000,0.000,17.985
World,1966,45732.449,42654.660,95.648,2803.928,2732.825,0.000,0.000,9.210,61.894,34.433,983.817,0.000,0.000,19.806
World,1967,47410.555,44248.492,113.906,2865.571,2793.729,0.000,0.000,9.384,62.458,41.006,1005.742,0.000,0.000,19.987
World,1968,50246.746,46887.980,144.759,3021.147,2942.469,0.000,0.000,9.554,69.125,52.113,1059.289,0.000,0.000,22.120
World,1969,53700.402,50125.828,171.621,3198.356,3115.951,0.000,0.000,9.724,72.681,61.783,1121.742,0.000,0.000,23.258
World,1970,57177.613,53386.539,219.096,3356.735,3262.916,0.000,0.000,13.501,80.318,78.875,1174.650,0.000,0.000,25.702
World,1971,59438.562,55397.430,304.734,3509.719,3409.006,0.000,0.000,13.562,87.151,109.704,1227.242,0.000,0.000,27.888
World,1972,62703.992,58365.336,422.709,3676.639,3568.414,0.000,0.000,14.823,93.402,152.175,1284.629,0.000,0.000,29.889
World,1973,66337.648,61791.586,566.393,3734.030,3619.480,0.000,0.000,14.251,100.300,203.902,1303.013,0.000,0.000,32.096
World,1974,66696.508,61586.688,740.556,4097.131,3975.643,0.000,0.000,14.335,107.153,266.600,1431.232,0.000,0.000,34.289
World,1975,67157.297,61701.688,1027.356,4147.152,4024.676,0.000,0.000,13.688,108.788,369.848,1448.883,0.000,0.000,34.812
World,1976,70744.766,65115.391,1201.865,4143.686,4008.713,0.000,0.000,13.751,121.222,432.671,1443.137,0.000,0.000,38.791
World,1977,73306.172,67221.594,1495.966,4289.640,4143.534,0.000,0.000,18.319,127.788,538.548,1491.672,0.000,0.000,40.892
World,1978,76179.039,69471.414,1738.318,4642.884,4484.395,0.008,0.000,23.179,135.302,625.794,1614.382,0.003,0.000,43.297
World,1979,78698.641,71666.602,1807.944,4882.200,4708.850,0.017,0.000,28.023,145.310,650.860,1695.186,0.006,0.000,46.499
World,1980,78010.562,70683.391,1977.567,4998.319,4810.137,0.029,0.000,32.786,155.367,711.924,1731.649,0.010,0.000,49.717
World,1981,77654.789,69843.836,2335.419,5110.542,4913.621,0.029,0.000,29.748,167.144,840.751,1768.904,0.010,0.000,53.486
World,1982,77277.594,69135.172,2533.826,5232.971,5002.522,0.051,0.000,37.556,192.840,912.178,1800.908,0.019,0.000,61.709
World,1983,78599.125,69852.227,2871.702,5478.752,5216.024,0.091,0.008,49.019,213.609,1033.813,1877.769,0.033,0.003,68.355
World,1984,82129.477,72534.719,3484.912,5689.233,5392.704,0.124,0.018,57.806,238.582,1254.568,1941.373,0.045,0.006,76.346
World,1985,84332.883,73943.641,4135.893,5812.466,5497.899,0.178,0.033,68.410,245.946,1488.922,1979.244,0.064,0.012,78.703
World,1986,86200.781,75395.406,4429.821,5924.066,5572.425,0.386,0.042,84.203,267.011,1594.736,2006.073,0.139,0.015,85.443
World,1987,89321.430,78018.578,4818.703,6019.646,5647.756,0.543,0.029,85.330,285.988,1734.733,2033.192,0.195,0.011,91.516
World,1988,92666.555,80713.859,5253.470,6213.509,5828.747,0.921,0.028,89.560,294.253,1891.249,2098.349,0.332,0.010,94.161
World,1989,94454.031,82335.383,5402.807,6229.732,5798.853,7.360,0.728,95.689,327.101,1945.011,2087.587,2.650,0.262,104.672
World,1990,95856.289,83316.875,5557.211,6480.236,5996.172,10.090,1.078,106.569,366.326,2000.596,2158.622,3.632,0.388,117.224
World,1991,96516.406,83536.398,5823.083,6640.318,6134.845,11.350,1.403,110.647,382.073,2096.310,2208.544,4.086,0.505,122.263
World,1992,97104.883,84052.555,5867.286,6667.230,6134.207,13.147,1.296,108.706,409.875,2112.223,2208.315,4.733,0.467,131.160
World,1993,97894.812,84220.555,6069.346,7058.777,6503.668,15.845,1.546,114.340,423.378,2184.965,2341.321,5.704,0.557,135.481
World,1994,99137.250,85272.977,6183.274,7129.369,6544.182,19.810,1.658,124.102,439.617,2225.979,2355.906,7.132,0.597,140.677
World,1995,101315.359,86770.078,6451.471,7512.383,6898.302,22.978,1.775,131.070,458.257,2322.530,2483.389,8.272,0.639,146.642
World,1996,104245.836,89353.367,6685.042,7615.427,6991.152,25.599,1.942,125.785,470.949,2406.615,2516.815,9.216,0.699,150.704
World,1997,105269.266,90245.734,6639.067,7784.813,7114.876,33.412,2.082,130.031,504.412,2390.064,2561.356,12.028,0.750,161.412
World,1998,105852.398,90618.578,6753.319,7874.825,7169.259,44.248,2.255,133.384,525.679,2431.195,2580.933,15.929,0.812,168.217
World,1999,107613.984,92016.500,7010.293,7972.275,7223.524,58.964,2.515,135.247,552.025,2523.706,2600.469,21.227,0.905,176.648
World,2000,110416.398,94467.258,7168.521,8152.467,7351.893,87.249,2.939,132.509,577.878,2540.460,2629.670,31.150,1.020,197.780
World,2001,111493.289,95595.227,7330.212,7964.840,7123.229,106.022,3.928,131.425,600.235,2613.170,2563.720,38.190,1.360,193.700
World,2002,113894.430,97731.234,7386.150,8138.824,7194.918,143.512,4.923,149.315,646.156,2654.780,2611.580,52.220,1.720,208.640
World,2003,117849.602,101858.211,7197.059,8177.063,7146.958,172.438,6.138,168.932,682.599,2601.050,2611.970,63.200,2.110,222.980
World,2004,123841.742,106903.773,7483.358,8811.904,7632.875,232.028,8.044,201.200,737.757,2719.410,2802.610,85.480,2.780,240.670
World,2005,127936.719,110657.062,7442.488,9151.290,7825.955,281.256,11.242,234.475,798.361,2726.970,2911.770,104.400,3.950,261.350
World,2006,131481.203,113695.703,7494.948,9598.000,8080.835,356.959,15.388,294.602,850.216,2761.590,3018.070,133.200,5.420,277.370
World,2007,135617.984,117667.508,7303.106,9962.659,8171.303,456.129,20.760,391.652,922.815,2703.490,3062.780,171.150,7.290,302.100
World,2008,137229.406,118540.047,7222.835,10720.294,8579.401,584.202,33.458,535.942,987.290,2694.720,3245.350,220.850,11.850,322.970
World,2009,135033.219,116256.578,7083.252,10959.966,8520.561,726.502,55.274,600.635,1056.994,2656.760,3241.270,276.260,19.820,345.120
World,2010,141602.047,121801.430,7209.022,11784.370,8932.585,902.107,88.336,678.901,1182.441,2725.910,3428.210,345.990,32.210,386.910
World,2011,144913.297,124911.508,6871.570,12318.797,9048.125,1142.297,170.320,717.312,1240.743,2610.340,3488.070,439.980,63.560,406.350
World,2012,147002.422,126707.328,6367.377,13101.090,9385.139,1368.069,261.639,746.395,1339.848,2432.220,3660.170,529.260,96.920,436.860
World,2013,149599.734,128401.547,6368.981,13929.002,9687.964,1626.221,354.500,818.510,1441.806,2448.520,3790.790,634.140,131.750,470.790
World,2014,151239.172,129225.125,6465.966,14629.965,9895.858,1797.047,502.021,865.946,1569.092,2498.730,3870.670,706.100,197.740,512.210
World,2015,152357.625,129769.422,6519.850,15143.938,9820.672,2105.701,649.452,898.433,1669.679,2532.930,3882.130,829.630,256.010,544.870
World,2016,154221.484,130666.328,6566.976,15981.749,10090.338,2418.755,824.158,938.653,1709.845,2571.050,4014.750,960.300,327.470,557.950
World,2017,157625.312,133092.719,6592.505,16900.693,10171.045,2856.328,1114.711,957.891,1800.718,2594.230,4054.030,1139.440,444.650,586.210
World,2018,161806.125,136007.172,6716.976,18004.244,10419.392,3162.159,1431.775,1038.815,1952.104,2658.700,4176.840,1268.140,575.160,619.460
World,2019,163694.609,136678.062,6920.192,18936.256,10501.549,3520.444,1748.829,1127.314,2038.120,2754.080,4227.760,1420.960,697.940,648.950
World,2020,157993.891,130121.617,6639.518,20040.709,10763.280,3940.165,2116.744,1068.230,2152.290,2648.330,4347.020,1591.470,853.390,687.290
World,2021,166043.500,136714.719,6903.327,21197.068,10575.532,4582.781,2593.081,1128.119,2317.554,2762.440,4288.700,1856.940,1053.990,741.630
World,2022,169061.531,138548.688,6583.331,22657.553,10650.595,5184.602,3249.746,1193.131,2379.479,2639.640,4324.070,2107.660,1333.120,757.140
World,2023,172238.781,140308.984,6677.130,23814.445,10392.080,5665.208,4026.582,1319.216,2411.358,2697.740,4240.110,2319.180,1664.140,772.020
World,2024,176737.094,142420.891,6871.835,25979.023,10860.753,6124.465,5150.569,1366.878,2476.357,2777.110,4433.650,2509.500,2142.650,791.810
