country,year,total_energy_twh,nuclear_energy_twh,nuclear_electricity_twh,hydro_energy_twh,hydro_electricity_twh,wind_energy_twh,wind_electricity_twh,solar_energy_twh,solar_electricity_twh
World,1965,41582.246,77.393105,25.539724,923.19806,923.19806,0.0,0.0,0.0,0.0
World,1966,43837.54,104.3433,34.43329,983.81696,983.81696,0.0,0.0,0.0,0.0
World,1967,45473.027,124.26065,41.006016,1005.7424,1005.7424,0.0,0.0,0.0,0.0
World,1968,48208.855,157.91869,52.113163,1059.2887,1059.2887,0.0,0.0,0.0,0.0
World,1969,51544.086,187.22246,61.783413,1121.7424,1121.7424,0.0,0.0,0.0,0.0
World,1970,54920.645,239.01411,78.87466,1174.6497,1174.6497,0.0,0.0,0.0,0.0
World,1971,57083.62,332.4369,109.70418,1227.2422,1227.2422,0.0,0.0,0.0,0.0
World,1972,60252.566,461.13684,152.17516,1284.629,1284.629,0.0,0.0,0.0,0.0
World,1973,63863.63,617.8836,203.90158,1303.013,1303.013,0.0,0.0,0.0,0.0
World,1974,63990.723,807.8791,266.6001,1431.2317,1431.2317,0.0,0.0,0.0,0.0
World,1975,64449.473,1120.7521,369.8482,1448.8834,1448.8834,0.0,0.0,0.0,0.0
World,1976,68065.65,1311.1255,432.67142,1443.1367,1443.1366,0.0,0.0,0.0,0.0
World,1977,70552.125,1631.9631,538.5478,1491.6724,1491.6724,0.0,0.0,0.0,0.0
World,1978,73202.484,1896.3467,625.7944,1614.3824,1614.3823,0.003,0.003,0.0,0.0
World,1979,75585.836,1972.3027,650.8599,1695.1862,1695.1862,0.006,0.006,0.0,0.0
World,1980,74853.17,2157.3462,711.9242,1731.6494,1731.6493,0.0105,0.0105,0.0,0.0
World,1981,74467.47,2547.7295,840.75073,1768.9034,1768.9036,0.0105,0.0105,0.0,0.0
World,1982,74034.875,2764.1743,912.17755,1800.9081,1800.9081,0.0185,0.0185,0.0,0.0
World,1983,75248.914,3132.7659,1033.8127,1877.7688,1877.7689,0.032795,0.03279495,0.003,0.003
World,1984,78716.16,3801.7224,1254.5685,1941.3735,1941.3734,0.044755556,0.044755556,0.006311111,0.006311111
World,1985,80897.07,4511.8833,1488.9216,1979.2437,1979.2437,0.06422028,0.064220205,0.011747472,0.011747475
World,1986,82756.0,4832.5327,1594.7357,2006.073,2006.073,0.13883138,0.13883132,0.015183833,0.015183838
World,1987,85859.484,5256.767,1734.7332,2033.1923,2033.1924,0.19537666,0.19537677,0.010603027,0.01060303
World,1988,89101.08,5731.058,1891.2493,2098.3489,2098.3489,0.33157972,0.3315798,0.010195972,0.01019596
World,1989,90982.4,5893.9717,1945.0106,2087.587,2087.587,2.6497767,2.6497767,0.26222333,0.26222324
World,1990,92013.34,6062.4116,2000.596,2158.622,2158.622,3.6324706,3.6324706,0.38825002,0.38824996
World,1991,92694.4,6352.454,2096.3098,2208.5442,2208.5442,4.086107,4.086107,0.5052228,0.50522286
World,1992,93291.91,6400.6753,2112.223,2208.3147,2208.3147,4.732812,4.732812,0.46657917,0.4665791
World,1993,93835.24,6621.105,2184.9646,2341.3206,2341.3206,5.704169,5.704169,0.5566775,0.5566775
World,1994,95088.98,6745.3896,2225.9788,2355.9053,2355.9055,7.13173,7.13173,0.5969831,0.5969829
World,1995,96974.42,7037.969,2322.5298,2483.389,2483.389,8.272123,8.272123,0.63888276,0.63888276
World,1996,99857.12,7292.7725,2406.615,2516.815,2516.815,9.2156,9.215601,0.69923,0.69922996
World,1997,100798.19,7242.6187,2390.0642,2561.3557,2561.3557,12.028216,12.028216,0.74965584,0.7496558
World,1998,101386.03,7367.2573,2431.1948,2580.9333,2580.9333,15.92926,15.92926,0.8118519,0.811852
World,1999,103176.266,7647.593,2523.7056,2600.4688,2600.4688,21.226898,21.226898,0.9052878,0.9052879
World,2000,105981.39,7820.2046,2540.46,2646.6814,2629.67,31.409548,31.15,1.0583681,1.02
World,2001,107306.336,8041.02,2613.17,2578.609,2563.72,38.380005,38.19,1.4222383,1.36
World,2002,109732.8,8169.5293,2654.78,2626.1453,2611.58,52.38179,52.22,1.7972306,1.72
World,2003,113737.06,8004.0015,2601.05,2622.9336,2611.97,63.28461,63.2,2.252704,2.11
World,2004,119386.78,8367.754,2719.41,2816.5308,2802.61,85.61839,85.48,2.9680655,2.78
World,2005,123361.98,8389.713,2726.97,2911.2554,2911.77,104.62726,104.4,4.1817546,3.95
World,2006,126974.52,8494.274,2761.59,3022.2317,3018.07,133.50284,133.2,5.7547927,5.42
World,2007,130948.94,8321.114,2703.49,3072.4097,3062.78,171.53674,171.15,7.805018,7.29
World,2008,132169.69,8295.317,2694.72,3251.5928,3245.35,221.452,220.85,12.679882,11.85
World,2009,129923.805,8177.9365,2656.76,3246.334,3241.27,276.84586,276.26,21.058294,19.82
World,2010,136245.19,8389.605,2725.91,3432.2312,3428.21,346.52716,345.99,33.91966,32.21
World,2011,139303.88,8037.0884,2610.34,3494.2815,3488.07,441.04477,439.98,65.74073,63.56
World,2012,140985.67,7491.992,2432.22,3661.2336,3660.17,530.98395,529.26,101.511765,96.92
World,2013,143116.42,7545.9653,2448.52,3789.1938,3790.79,636.0312,634.14,138.60457,131.75
World,2014,144408.34,7701.6206,2498.73,3890.0264,3870.67,706.47925,706.1,197.28333,197.74
World,2015,145499.62,7805.562,2532.93,3880.082,3882.13,832.0658,829.63,256.52173,256.01
World,2016,146893.38,7921.3765,2571.05,4017.617,4014.75,962.94403,960.3,328.25055,327.47
World,2017,149727.25,7990.9033,2594.23,4069.6323,4054.03,1142.4594,1139.44,444.86325,444.65
World,2018,153618.12,8181.0107,2658.7,4189.53,4176.84,1271.378,1268.14,575.7865,575.16
World,2019,154620.7,8475.124,2754.08,4243.6177,4227.76,1422.374,1420.96,708.10046,697.94
World,2020,147985.3,8155.179,2648.33,4357.88,4347.02,1596.2354,1591.47,861.06134,853.39
World,2021,155558.44,8493.034,2762.44,4290.4175,4288.7,1862.4788,1856.94,1060.7699,1053.99
World,2022,157938.77,8122.427,2639.64,4336.2524,4324.07,2109.334,2107.66,1337.5826,1333.12
World,2023,160876.92,8293.001,2697.74,4264.916,4240.11,2322.362,2319.18,1678.0405,1664.14
World,2024,164494.1,8531.205,2777.11,4473.135,4433.65,2514.9658,2509.5,2166.9417,2142.65
