year,blocks,H_hash_per_s,P_W,B_J_per_hash
2009,32494,4.4558e+06,1.5404e+13,3.4571e+06
2010,67920,1.5136e+10,1.6154e+13,1.0673e+03
2011,59627,6.3137e+12,1.6531e+13,2.6183e+00
2012,54526,1.5638e+13,1.6770e+13,1.0724e+00
2013,63433,1.4663e+15,1.7066e+13,1.1638e-02
2014,58865,1.4075e+17,1.7253e+13,1.2258e-04
2015,54321,4.0454e+17,1.7381e+13,4.2963e-05
2016,54851,1.5187e+18,1.7593e+13,1.1585e-05
2017,55928,6.3149e+18,1.7981e+13,2.8475e-06
2018,54498,3.6352e+19,1.8458e+13,5.0777e-07
2019,54232,6.6344e+19,1.8674e+13,2.8147e-07
2020,53222,1.1956e+20,1.8023e+13,1.5075e-07
2021,52686,1.4522e+20,1.8942e+13,1.3044e-07
2022,53188,2.1947e+20,1.9286e+13,8.7875e-08
2023,53999,3.8138e+20,1.9649e+13,5.1520e-08
2024,53473,6.3355e+20,2.0162e+13,3.1823e-08
